{
  "hypothesis_test": {
    "metric": "final_accuracy",
    "sgd_mean": 93.71999999999998,
    "sgd_std": 0.10816653826392378,
    "adamw_mean": 94.43,
    "adamw_std": 0.06244997998398578,
    "t_statistic": 9.845928482997753,
    "u_statistic": NaN,
    "p_value": 0.0016885432083628088,
    "significant": true,
    "effect_size_cohens_d": 8.039166942426577,
    "effect_size_interpretation": "large",
    "test_used": "independent_ttest",
    "ci95_low": 0.5686623900018284,
    "ci95_high": 0.851337609998216
  },
  "convergence_speed": {
    "sgd_epochs_to_85": 2.2532444330103187,
    "adamw_epochs_to_85": 1.2818086225026288,
    "difference_epochs": -0.9714358105076899
  }
}